0,1,2,3,4,5,6
LINEAR IC,LOGIC IC,MEMORY_EMBEDED
CPU / MPU,DISCRETE,LINEAR IC,PEMCO
CHIPSET / ASP,CPU / MPU,LINEAR IC
DISCRETE,LINEAR IC,OPTICAL AND SENSOR
CHIPSET / ASP,DISCRETE,LINEAR IC,MEMORY_SYSTEM
CPU / MPU,LOGIC IC,MEMORY_EMBEDED
OTHERS,PEMCO
DISCRETE,MEMORY_SYSTEM
PEMCO
LINEAR IC,MEMORY_EMBEDED,OTHERS
DISCRETE,LINEAR IC,LOGIC IC,MEMORY_EMBEDED,MEMORY_SYSTEM
CHIPSET / ASP,DISCRETE,LINEAR IC,LOGIC IC,OPTICAL AND SENSOR,OTHERS
CPU / MPU,DISCRETE
CHIPSET / ASP,LOGIC IC,MEMORY_EMBEDED
DISCRETE,LOGIC IC,OTHERS
LOGIC IC,OPTICAL AND SENSOR
DISCRETE,LINEAR IC,LOGIC IC,MEMORY_EMBEDED
CHIPSET / ASP,MEMORY_SYSTEM
DISCRETE,LINEAR IC,MEMORY_EMBEDED,PEMCO
CPU / MPU,LINEAR IC,LOGIC IC,MEMORY_EMBEDED
LINEAR IC,MEMORY_SYSTEM
LOGIC IC,OPTICAL AND SENSOR,OTHERS
CPU / MPU,MEMORY_SYSTEM
OPTICAL AND SENSOR
MEMORY_SYSTEM
CPU / MPU,LINEAR IC,OPTICAL AND SENSOR
CHIPSET / ASP,DISCRETE,LINEAR IC,OTHERS
DISCRETE,LOGIC IC,OPTICAL AND SENSOR,OTHERS
CHIPSET / ASP,CPU / MPU,DISCRETE
OTHERS
DISCRETE,OPTICAL AND SENSOR,PEMCO
CHIPSET / ASP,DISCRETE,LINEAR IC,LOGIC IC,OPTICAL AND SENSOR
CHIPSET / ASP,LINEAR IC,OTHERS
LINEAR IC,MEMORY_EMBEDED,PEMCO
CPU / MPU,OTHERS
CHIPSET / ASP,DISCRETE,LINEAR IC,LOGIC IC,MEMORY_SYSTEM,OTHERS
CPU / MPU,DISCRETE,LINEAR IC,LOGIC IC,PEMCO
LOGIC IC,OTHERS
CHIPSET / ASP,LINEAR IC,LOGIC IC,PEMCO
DISCRETE,LOGIC IC,MEMORY_EMBEDED
DISCRETE,PEMCO
OPTICAL AND SENSOR,PEMCO
CPU / MPU,LINEAR IC,OTHERS
DISCRETE,LINEAR IC,LOGIC IC,MEMORY_SYSTEM,PEMCO
OPTICAL AND SENSOR,OTHERS
CPU / MPU,LINEAR IC,LOGIC IC,OPTICAL AND SENSOR,OTHERS,PEMCO
CHIPSET / ASP,LINEAR IC,MEMORY_EMBEDED,OTHERS
MEMORY_EMBEDED
DISCRETE,LINEAR IC,MEMORY_EMBEDED,OTHERS
MEMORY_EMBEDED,MEMORY_SYSTEM
CHIPSET / ASP,CPU / MPU,OTHERS
DISCRETE,LOGIC IC,MEMORY_SYSTEM
CHIPSET / ASP,CPU / MPU,MEMORY_SYSTEM,OTHERS
DISCRETE,LINEAR IC,OPTICAL AND SENSOR,PEMCO
CHIPSET / ASP,CPU / MPU,LOGIC IC
LINEAR IC,LOGIC IC,OPTICAL AND SENSOR
DISCRETE,LINEAR IC
DISCRETE,LOGIC IC,MEMORY_SYSTEM,OPTICAL AND SENSOR
DISCRETE,LINEAR IC,LOGIC IC,OPTICAL AND SENSOR,PEMCO
CHIPSET / ASP,MEMORY_EMBEDED,MEMORY_SYSTEM
LINEAR IC,LOGIC IC,MEMORY_EMBEDED,OTHERS
DISCRETE,LOGIC IC,OPTICAL AND SENSOR,PEMCO
CHIPSET / ASP,OPTICAL AND SENSOR
CPU / MPU,MEMORY_EMBEDED,MEMORY_SYSTEM
CPU / MPU,DISCRETE,OTHERS
LINEAR IC,MEMORY_EMBEDED
CHIPSET / ASP,DISCRETE
CPU / MPU,LINEAR IC,LOGIC IC,OTHERS
CHIPSET / ASP,CPU / MPU
CPU / MPU,DISCRETE,LINEAR IC,LOGIC IC,MEMORY_EMBEDED,OPTICAL AND SENSOR,PEMCO
DISCRETE,OPTICAL AND SENSOR,OTHERS
CHIPSET / ASP,LINEAR IC
DISCRETE,MEMORY_EMBEDED,PEMCO
DISCRETE,LINEAR IC,OPTICAL AND SENSOR,OTHERS
CPU / MPU,DISCRETE,LINEAR IC,MEMORY_EMBEDED,OTHERS
DISCRETE,LINEAR IC,LOGIC IC,MEMORY_EMBEDED,OPTICAL AND SENSOR,OTHERS
CHIPSET / ASP,OPTICAL AND SENSOR,OTHERS
LOGIC IC
CPU / MPU,LOGIC IC
DISCRETE
CPU / MPU,DISCRETE,LOGIC IC
CHIPSET / ASP,CPU / MPU,MEMORY_EMBEDED
CHIPSET / ASP
DISCRETE,LINEAR IC,MEMORY_SYSTEM
DISCRETE,LINEAR IC,LOGIC IC,OTHERS
LINEAR IC,OTHERS,PEMCO
CPU / MPU,LINEAR IC,LOGIC IC
CPU / MPU,DISCRETE,LINEAR IC,LOGIC IC,MEMORY_EMBEDED
DISCRETE,LINEAR IC,LOGIC IC
DISCRETE,LOGIC IC,MEMORY_SYSTEM,OPTICAL AND SENSOR,OTHERS
CPU / MPU,LINEAR IC
CHIPSET / ASP,LOGIC IC,OTHERS
DISCRETE,MEMORY_EMBEDED
CPU / MPU,DISCRETE,LINEAR IC,LOGIC IC,MEMORY_EMBEDED,PEMCO
DISCRETE,LOGIC IC,PEMCO
CPU / MPU,DISCRETE,LINEAR IC,MEMORY_EMBEDED
CPU / MPU,DISCRETE,LINEAR IC,LOGIC IC,OTHERS
CPU / MPU,DISCRETE,LOGIC IC,MEMORY_EMBEDED
MEMORY_EMBEDED,OTHERS
OPTICAL AND SENSOR,OTHERS,PEMCO
LINEAR IC,LOGIC IC,PEMCO
LINEAR IC,LOGIC IC
LINEAR IC,OTHERS
LINEAR IC,OPTICAL AND SENSOR
CPU / MPU,DISCRETE,MEMORY_SYSTEM
CHIPSET / ASP,CPU / MPU,MEMORY_SYSTEM
DISCRETE,MEMORY_EMBEDED,OTHERS
CHIPSET / ASP,DISCRETE,LINEAR IC,MEMORY_EMBEDED,OTHERS
CHIPSET / ASP,PEMCO
CPU / MPU,DISCRETE,LINEAR IC,MEMORY_EMBEDED,OPTICAL AND SENSOR
CPU / MPU,DISCRETE,LINEAR IC,LOGIC IC,OPTICAL AND SENSOR
LINEAR IC
CHIPSET / ASP,OTHERS
CPU / MPU,DISCRETE,LINEAR IC,LOGIC IC,MEMORY_EMBEDED,MEMORY_SYSTEM,OPTICAL AND SENSOR
DISCRETE,LINEAR IC,OTHERS
DISCRETE,LINEAR IC,OTHERS,PEMCO
DISCRETE,LINEAR IC,LOGIC IC,OTHERS,PEMCO
CPU / MPU,LINEAR IC,PEMCO
DISCRETE,LINEAR IC,LOGIC IC,MEMORY_SYSTEM
CHIPSET / ASP,MEMORY_EMBEDED
CHIPSET / ASP,LOGIC IC
CPU / MPU,OPTICAL AND SENSOR
CPU / MPU,DISCRETE,MEMORY_EMBEDED
LINEAR IC,MEMORY_EMBEDED,MEMORY_SYSTEM
CHIPSET / ASP,DISCRETE,LINEAR IC,LOGIC IC,MEMORY_EMBEDED,MEMORY_SYSTEM
MEMORY_SYSTEM,OTHERS
LOGIC IC,MEMORY_SYSTEM
CHIPSET / ASP,LINEAR IC,LOGIC IC
CPU / MPU,MEMORY_SYSTEM,OTHERS
LOGIC IC,PEMCO
CHIPSET / ASP,DISCRETE,LOGIC IC
CHIPSET / ASP,CPU / MPU,DISCRETE,LINEAR IC,LOGIC IC,MEMORY_EMBEDED,OTHERS
CPU / MPU,LINEAR IC,MEMORY_EMBEDED
DISCRETE,LOGIC IC,MEMORY_EMBEDED,MEMORY_SYSTEM
DISCRETE,LINEAR IC,LOGIC IC,MEMORY_SYSTEM,OTHERS
LINEAR IC,LOGIC IC,OTHERS
CPU / MPU,LINEAR IC,LOGIC IC,OPTICAL AND SENSOR
DISCRETE,OTHERS
LINEAR IC,MEMORY_EMBEDED,OPTICAL AND SENSOR
CPU / MPU,DISCRETE,LOGIC IC,OTHERS
DISCRETE,LOGIC IC,OTHERS,PEMCO
CPU / MPU,MEMORY_EMBEDED,OTHERS
LINEAR IC,LOGIC IC,MEMORY_EMBEDED,OPTICAL AND SENSOR
CHIPSET / ASP,CPU / MPU,DISCRETE,LINEAR IC
CHIPSET / ASP,DISCRETE,LINEAR IC,LOGIC IC
MEMORY_EMBEDED,OPTICAL AND SENSOR
CHIPSET / ASP,DISCRETE,LINEAR IC,LOGIC IC,PEMCO
CPU / MPU,MEMORY_EMBEDED
DISCRETE,LINEAR IC,LOGIC IC,MEMORY_EMBEDED,OTHERS
DISCRETE,LINEAR IC,MEMORY_EMBEDED
DISCRETE,LOGIC IC,OPTICAL AND SENSOR
MEMORY_EMBEDED,MEMORY_SYSTEM,OTHERS
CHIPSET / ASP,DISCRETE,LINEAR IC
CHIPSET / ASP,CPU / MPU,DISCRETE,OTHERS
CPU / MPU,PEMCO
DISCRETE,LINEAR IC,LOGIC IC,MEMORY_EMBEDED,MEMORY_SYSTEM,OPTICAL AND SENSOR
DISCRETE,LINEAR IC,LOGIC IC,OPTICAL AND SENSOR,OTHERS
CPU / MPU,DISCRETE,LINEAR IC,OPTICAL AND SENSOR
DISCRETE,LINEAR IC,LOGIC IC,MEMORY_EMBEDED,MEMORY_SYSTEM,OTHERS,PEMCO
DISCRETE,LINEAR IC,LOGIC IC,PEMCO
CPU / MPU,DISCRETE,LINEAR IC,LOGIC IC
CPU / MPU,DISCRETE,LINEAR IC
CHIPSET / ASP,CPU / MPU,LOGIC IC,OTHERS
LOGIC IC,MEMORY_EMBEDED,OTHERS
DISCRETE,OTHERS,PEMCO
DISCRETE,LOGIC IC
CPU / MPU,DISCRETE,LINEAR IC,LOGIC IC,MEMORY_EMBEDED,OTHERS
CHIPSET / ASP,DISCRETE,LINEAR IC,LOGIC IC,MEMORY_EMBEDED,OTHERS
LINEAR IC,PEMCO
DISCRETE,LOGIC IC,MEMORY_EMBEDED,OPTICAL AND SENSOR
DISCRETE,LINEAR IC,MEMORY_EMBEDED,MEMORY_SYSTEM
CPU / MPU,DISCRETE,LINEAR IC,LOGIC IC,OPTICAL AND SENSOR,PEMCO
DISCRETE,LOGIC IC,MEMORY_EMBEDED,PEMCO
CHIPSET / ASP,LINEAR IC,MEMORY_EMBEDED,OPTICAL AND SENSOR
DISCRETE,LINEAR IC,LOGIC IC,OPTICAL AND SENSOR
MEMORY_EMBEDED,OTHERS,PEMCO
DISCRETE,LOGIC IC,MEMORY_EMBEDED,OPTICAL AND SENSOR,PEMCO
DISCRETE,LINEAR IC,PEMCO
DISCRETE,OPTICAL AND SENSOR
CPU / MPU
LOGIC IC,MEMORY_EMBEDED
DISCRETE,LINEAR IC,LOGIC IC,MEMORY_EMBEDED,OPTICAL AND SENSOR
LOGIC IC,MEMORY_EMBEDED,OPTICAL AND SENSOR